term,probability,topic
0, ,0.5289389218467495
0,,0.4710610781532505
1, ,0.7422175857213782
1,,0.2577824142786218
2, ,0.5195547014137198
2,,0.48044529858628005
3,,0.5267279315921776
3, ,0.4732720684078225
4,,0.5461067549116371
4, ,0.45389324508836293
5, ,0.5048123698663258
5,,0.4951876301336742
6,,0.5201402646561695
6, ,0.47985973534383053
7,,0.5412977652403509
7, ,0.45870223475964905
8, ,0.5017023016251271
8,,0.4982976983748729
9,,0.9998261576407705
9, ,0.00017384235922952908
