term,probability,topic
0,    ,0.528979451067643
0,,0.4710205489323572
1,    ,0.5329665532640813
1,,0.4670334467359187
2,    ,0.5195968182215779
2,,0.48040318177842223
3,,0.52668492525903
3,    ,0.47331507474097007
4,,0.5460623444744116
4,    ,0.4539376555255884
5,    ,0.7932237370470664
5,,0.20677626295293364
6,,0.5200941622033566
6,    ,0.47990583779664336
7,,0.5412559333515247
7,    ,0.45874406664847533
8,    ,0.501745059341636
8,,0.4982549406583639
9,,0.9998258306254365
9,    ,0.00017416937456350028
