term,probability,topic
0,          ,0.6579481047661242
0,,0.34205189523387575
1,          ,0.5329934683700387
1,,0.46700653162996136
2,          ,0.5196255978147701
2,,0.48037440218522975
3,,0.5266527865659228
3,          ,0.47334721343407715
4,,0.5460281627385803
4,          ,0.4539718372614198
5,          ,0.5048856477789546
5,,0.4951143522210454
6,,0.5200603725219194
6,          ,0.4799396274780807
7,,0.5412239249080224
7,          ,0.4587760750919776
8,          ,0.5017753940362373
8,,0.49822460596376267
9,,0.9998254483530852
9,          ,0.00017455164691484513
